date,temperature,month
2015-01-01,23.205560302734398,1
2015-01-02,27.280419921875023,1
2015-01-03,27.345056152343773,1
2015-01-04,29.508966064453148,1
2015-01-05,28.946099853515648,1
2015-01-06,29.413934326171898,1
2015-01-07,26.476098632812523,1
2015-01-08,27.389764404296898,1
2015-01-09,27.607354736328148,1
2015-01-10,27.426721191406273,1
2015-01-11,27.662072753906273,1
2015-01-12,27.503717041015648,1
2015-01-13,27.694482421875023,1
2015-01-14,22.854333496093773,1
2015-01-15,25.598565673828148,1
2015-01-16,25.662011718750023,1
2015-01-17,28.964501953125023,1
2015-01-18,23.491357421875023,1
2015-01-19,25.643151855468773,1
2015-01-20,24.748223876953148,1
2015-01-21,26.246606445312523,1
2015-01-22,28.436883544921898,1
2015-01-23,28.696862792968773,1
2015-01-24,28.015924072265648,1
2015-01-25,29.157525634765648,1
2015-01-26,27.933618164062523,1
2015-01-27,28.660028076171898,1
2015-01-28,21.650354003906273,1
2015-01-29,24.356195068359398,1
2015-01-30,25.860101318359398,1
2015-01-31,25.000634765625023,1
2015-02-01,26.674615478515648,2
2015-02-02,28.250268554687523,2
2015-02-03,29.446374511718773,2
2015-02-04,28.975152587890648,2
2015-02-05,29.911645507812523,2
2015-02-06,30.733605957031273,2
2015-02-07,29.755609130859398,2
2015-02-08,29.320184326171898,2
2015-02-09,30.636315917968773,2
2015-02-10,31.112481689453148,2
2015-02-11,31.923425292968773,2
2015-02-12,29.040643310546898,2
2015-02-13,28.902307128906273,2
2015-02-14,28.479791259765648,2
2015-02-15,27.751214599609398,2
2015-02-16,25.921105957031273,2
2015-02-17,25.168725585937523,2
2015-02-18,29.135675048828148,2
2015-02-19,30.658776855468773,2
2015-02-20,30.019158935546898,2
2015-02-21,25.689508056640648,2
2015-02-22,29.719445800781273,2
2015-02-23,26.310754394531273,2
2015-02-24,28.362603759765648,2
2015-02-25,26.409356689453148,2
2015-02-26,26.445062255859398,2
2015-02-27,24.882287597656273,2
2015-02-28,24.504724121093773,2
2015-03-01,25.357263183593773,3
2015-03-02,23.181787109375023,3
2015-03-03,24.961968994140648,3
2015-03-04,27.957513427734398,3
2015-03-05,29.246697998046898,3
2015-03-06,28.978723144531273,3
2015-03-07,24.265832519531273,3
2015-03-08,28.174768066406273,3
2015-03-09,27.427667236328148,3
2015-03-10,28.634332275390648,3
2015-03-11,28.786584472656273,3
2015-03-12,25.630395507812523,3
2015-03-13,28.698693847656273,3
2015-03-14,29.531457519531273,3
2015-03-15,29.987634277343773,3
2015-03-16,29.094018554687523,3
2015-03-17,29.972772216796898,3
2015-03-18,28.229150390625023,3
2015-03-19,25.751428222656273,3
2015-03-20,27.701409912109398,3
2015-03-21,26.551934814453148,3
2015-03-22,21.328912353515648,3
2015-03-23,25.275689697265648,3
2015-03-24,25.034692382812523,3
2015-03-25,23.586145019531273,3
2015-03-26,24.175500488281273,3
2015-03-27,26.422723388671898,3
2015-03-28,24.151635742187523,3
2015-03-29,25.236230468750023,3
2015-03-30,23.583306884765648,3
2015-03-31,23.660943603515648,3
2015-04-01,26.737542724609398,4
2015-04-02,27.863610839843773,4
2015-04-03,25.171441650390648,4
2015-04-04,22.104486083984398,4
2015-04-05,24.532250976562523,4
2015-04-06,26.401330566406273,4
2015-04-07,21.683740234375023,4
2015-04-08,21.921716308593773,4
2015-04-09,22.562463378906273,4
2015-04-10,20.447259521484398,4
2015-04-11,22.506738281250023,4
2015-04-12,23.642449951171898,4
2015-04-13,24.929498291015648,4
2015-04-14,25.687493896484398,4
2015-04-15,25.367608642578148,4
2015-04-16,25.022637939453148,4
2015-04-17,21.951348876953148,4
2015-04-18,18.925500488281273,4
2015-04-19,20.746911621093773,4
2015-04-20,23.069848632812523,4
2015-04-21,25.404656982421898,4
2015-04-22,21.015283203125023,4
2015-04-23,23.996697998046898,4
2015-04-24,20.595361328125023,4
2015-04-25,24.833703613281273,4
2015-04-26,26.523187255859398,4
2015-04-27,25.136224365234398,4
2015-04-28,26.578240966796898,4
2015-04-29,26.105493164062523,4
2015-04-30,25.231683349609398,4
2015-05-01,24.379510498046898,5
2015-05-02,23.783868408203148,5
2015-05-03,25.965570068359398,5
2015-05-04,26.620874023437523,5
2015-05-05,26.873315429687523,5
2015-05-06,27.995324707031273,5
2015-05-07,23.666131591796898,5
2015-05-08,21.927392578125023,5
2015-05-09,24.186059570312523,5
2015-05-10,22.075769042968773,5
2015-05-11,22.130303955078148,5
2015-05-12,22.256890869140648,5
2015-05-13,24.102532958984398,5
2015-05-14,26.454339599609398,5
2015-05-15,27.149224853515648,5
2015-05-16,26.987603759765648,5
2015-05-17,26.274285888671898,5
2015-05-18,23.785668945312523,5
2015-05-19,24.672906494140648,5
2015-05-20,25.613488769531273,5
2015-05-21,24.431298828125023,5
2015-05-22,23.866662597656273,5
2015-05-23,20.075708007812523,5
2015-05-24,22.435662841796898,5
2015-05-25,23.628991699218773,5
2015-05-26,24.809899902343773,5
2015-05-27,25.061059570312523,5
2015-05-28,24.235314941406273,5
2015-05-29,25.683038330078148,5
2015-05-30,25.728265380859398,5
2015-05-31,24.668725585937523,5
2015-06-01,22.462518310546898,6
2015-06-02,20.365625000000023,6
2015-06-03,16.980889892578148,6
2015-06-04,14.054223632812523,6
2015-06-05,15.528314208984398,6
2015-06-06,14.854028320312523,6
2015-06-07,15.801354980468773,6
2015-06-08,18.436639404296898,6
2015-06-09,20.211663818359398,6
2015-06-10,17.683251953125023,6
2015-06-11,14.777215576171898,6
2015-06-12,17.652673339843773,6
2015-06-13,19.605096435546898,6
2015-06-14,20.849572753906273,6
2015-06-15,22.088739013671898,6
2015-06-16,21.445703125000023,6
2015-06-17,12.893823242187523,6
2015-06-18,17.595880126953148,6
2015-06-19,19.341180419921898,6
2015-06-20,17.520745849609398,6
2015-06-21,18.673760986328148,6
2015-06-22,19.181573486328148,6
2015-06-23,20.124566650390648,6
2015-06-24,20.494195556640648,6
2015-06-25,21.317071533203148,6
2015-06-26,19.797784423828148,6
2015-06-27,13.540582275390648,6
2015-06-28,18.326531982421898,6
2015-06-29,20.208734130859398,6
2015-06-30,20.626733398437523,6
2015-07-01,19.263726806640648,7
2015-07-02,20.091699218750023,7
2015-07-03,20.097619628906273,7
2015-07-04,20.268731689453148,7
2015-07-05,21.733666992187523,7
2015-07-06,22.992333984375023,7
2015-07-07,18.517480468750023,7
2015-07-08,18.034509277343773,7
2015-07-09,21.858544921875023,7
2015-07-10,19.924920654296898,7
2015-07-11,17.630853271484398,7
2015-07-12,20.684320068359398,7
2015-07-13,22.275628662109398,7
2015-07-14,20.370019531250023,7
2015-07-15,19.807580566406273,7
2015-07-16,21.484338378906273,7
2015-07-17,14.359277343750023,7
2015-07-18,19.471215820312523,7
2015-07-19,22.198236083984398,7
2015-07-20,22.754968261718773,7
2015-07-21,21.711877441406273,7
2015-07-22,19.068780517578148,7
2015-07-23,17.132775878906273,7
2015-07-24,15.459649658203148,7
2015-07-25,14.509240722656273,7
2015-07-26,15.012719726562523,7
2015-07-27,16.929315185546898,7
2015-07-28,17.549432373046898,7
2015-07-29,20.991662597656273,7
2015-07-30,21.843682861328148,7
2015-07-31,14.246911621093773,7
2015-08-01,18.800683593750023,8
2015-08-02,18.492456054687523,8
2015-08-03,20.330102539062523,8
2015-08-04,21.890252685546898,8
2015-08-05,21.950769042968773,8
2015-08-06,21.579125976562523,8
2015-08-07,22.642663574218773,8
2015-08-08,24.568566894531273,8
2015-08-09,24.636102294921898,8
2015-08-10,24.562127685546898,8
2015-08-11,17.821771240234398,8
2015-08-12,20.175439453125023,8
2015-08-13,23.345697021484398,8
2015-08-14,25.581109619140648,8
2015-08-15,25.220117187500023,8
2015-08-16,26.622216796875023,8
2015-08-17,25.589105224609398,8
2015-08-18,26.204248046875023,8
2015-08-19,25.679620361328148,8
2015-08-20,24.266412353515648,8
2015-08-21,25.216790771484398,8
2015-08-22,28.265313720703148,8
2015-08-23,25.323876953125023,8
2015-08-24,25.280236816406273,8
2015-08-25,26.813409423828148,8
2015-08-26,27.369348144531273,8
2015-08-27,26.861596679687523,8
2015-08-28,26.903070068359398,8
2015-08-29,28.715173339843773,8
2015-08-30,28.545281982421898,8
2015-08-31,28.365625000000023,8
2015-09-01,25.369104003906273,9
2015-09-02,22.795465087890648,9
2015-09-03,20.235223388671898,9
2015-09-04,13.314202880859398,9
2015-09-05,11.807092285156273,9
2015-09-06,15.657586669921898,9
2015-09-07,21.117089843750023,9
2015-09-08,23.324884033203148,9
2015-09-09,26.097863769531273,9
2015-09-10,28.948968505859398,9
2015-09-11,29.602014160156273,9
2015-09-12,20.777642822265648,9
2015-09-13,23.653161621093773,9
2015-09-14,22.809472656250023,9
2015-09-15,23.400201416015648,9
2015-09-16,27.089379882812523,9
2015-09-17,28.831842041015648,9
2015-09-18,27.937799072265648,9
2015-09-19,24.124719238281273,9
2015-09-20,20.383538818359398,9
2015-09-21,20.779321289062523,9
2015-09-22,25.578942871093773,9
2015-09-23,28.437799072265648,9
2015-09-24,29.940026855468773,9
2015-09-25,29.744104003906273,9
2015-09-26,30.210290527343773,9
2015-09-27,27.679833984375023,9
2015-09-28,29.455651855468773,9
2015-09-29,31.442712402343773,9
2015-09-30,31.167504882812523,9
2015-10-01,27.886285400390648,10
2015-10-02,26.507196044921898,10
2015-10-03,28.818536376953148,10
2015-10-04,31.453363037109398,10
2015-10-05,31.966058349609398,10
2015-10-06,31.453698730468773,10
2015-10-07,32.4742370605469,10
2015-10-08,31.932092285156273,10
2015-10-09,32.4128356933594,10
2015-10-10,30.735986328125023,10
2015-10-11,32.11873779296877,10
2015-10-12,29.668969726562523,10
2015-10-13,31.323419189453148,10
2015-10-14,27.496759033203148,10
2015-10-15,27.734796142578148,10
2015-10-16,27.408074951171898,10
2015-10-17,22.920159912109398,10
2015-10-18,26.800836181640648,10
2015-10-19,29.730035400390648,10
2015-10-20,27.123406982421898,10
2015-10-21,28.709436035156273,10
2015-10-22,26.696801757812523,10
2015-10-23,27.715478515625023,10
2015-10-24,30.173608398437523,10
2015-10-25,30.496118164062523,10
2015-10-26,30.158471679687523,10
2015-10-27,26.022668457031273,10
2015-10-28,28.512963867187523,10
2015-10-29,27.339624023437523,10
2015-10-30,29.613000488281273,10
2015-10-31,33.27694091796877,10
2015-11-01,34.09163818359377,11
2015-11-02,24.274530029296898,11
2015-11-03,22.536492919921898,11
2015-11-04,22.952966308593773,11
2015-11-05,24.636285400390648,11
2015-11-06,26.779077148437523,11
2015-11-07,30.140191650390648,11
2015-11-08,32.05657348632815,11
2015-11-09,34.5148864746094,11
2015-11-10,34.59307250976565,11
2015-11-11,35.0831237792969,11
2015-11-12,33.70620117187502,11
2015-11-13,32.42403564453127,11
2015-11-14,29.156915283203148,11
2015-11-15,30.880853271484398,11
2015-11-16,26.024560546875023,11
2015-11-17,25.091973876953148,11
2015-11-18,24.954827880859398,11
2015-11-19,25.548486328125023,11
2015-11-20,27.650781250000023,11
2015-11-21,28.584039306640648,11
2015-11-22,25.005761718750023,11
2015-11-23,28.145166015625023,11
2015-11-24,30.451135253906273,11
2015-11-25,31.005029296875023,11
2015-11-26,31.210107421875023,11
2015-11-27,31.337060546875023,11
2015-11-28,21.139672851562523,11
2015-11-29,26.524621582031273,11
2015-11-30,30.419976806640648,11
2015-12-01,32.34932861328127,12
2015-12-02,31.177941894531273,12
2015-12-03,27.310266113281273,12
2015-12-04,29.851159667968773,12
2015-12-05,33.50649414062502,12
2015-12-06,35.82341918945315,12
2015-12-07,35.62832031250002,12
2015-12-08,28.237939453125023,12
2015-12-09,30.693353271484398,12
2015-12-10,34.1171813964844,12
2015-12-11,33.20708618164065,12
2015-12-12,28.391564941406273,12
2015-12-13,30.992272949218773,12
2015-12-14,26.857324218750023,12
2015-12-15,25.985711669921898,12
2015-12-16,28.239465332031273,12
2015-12-17,29.783654785156273,12
2015-12-18,30.294793701171898,12
2015-12-19,32.4595886230469,12
2015-12-20,32.4958435058594,12
2015-12-21,32.39815673828127,12
2015-12-22,33.77462158203127,12
2015-12-23,32.17397460937502,12
2015-12-24,33.32183227539065,12
2015-12-25,26.796014404296898,12
2015-12-26,27.388970947265648,12
2015-12-27,29.009271240234398,12
2015-12-28,29.895104980468773,12
2015-12-29,31.871545410156273,12
2015-12-30,31.184228515625023,12
2016-01-01,32.13131103515627,1
2016-01-02,30.173974609375023,1
2016-01-03,30.484185791015648,1
2016-01-04,32.2811218261719,1
2016-01-05,35.12899169921877,1
2016-01-06,37.3583923339844,1
2016-01-07,37.24739990234377,1
2016-01-08,33.44149169921877,1
2016-01-09,28.456597900390648,1
2016-01-10,29.195947265625023,1
2016-01-11,28.217126464843773,1
2016-01-12,26.214868164062523,1
2016-01-13,28.035302734375023,1
2016-01-14,25.383416748046898,1
2016-01-15,27.124993896484398,1
2016-01-16,22.471704101562523,1
2016-01-17,26.049462890625023,1
2016-01-18,24.769555664062523,1
2016-01-19,26.176812744140648,1
2016-01-20,25.571984863281273,1
2016-01-21,23.836694335937523,1
2016-01-22,26.020715332031273,1
2016-01-23,27.073022460937523,1
2016-01-24,22.070336914062523,1
2016-01-25,27.629754638671898,1
2016-01-26,27.779656982421898,1
2016-01-27,28.847161865234398,1
2016-01-28,30.385369873046898,1
2016-01-29,29.299829101562523,1
2016-01-30,30.816552734375023,1
2016-01-31,30.669763183593773,1
2016-02-01,28.684136962890648,2
2016-02-02,30.791650390625023,2
2016-02-03,31.584619140625023,2
2016-02-04,29.698937988281273,2
2016-02-05,23.987847900390648,2
2016-02-06,28.412500000000023,2
2016-02-07,29.591333007812523,2
2016-02-08,27.832482910156273,2
2016-02-09,26.721215820312523,2
2016-02-10,26.239892578125023,2
2016-02-11,29.778894042968773,2
2016-02-12,31.073175048828148,2
2016-02-13,31.787774658203148,2
2016-02-14,30.962396240234398,2
2016-02-15,31.090478515625023,2
2016-02-16,33.2020202636719,2
2016-02-17,29.563104248046898,2
2016-02-18,29.152520751953148,2
2016-02-19,29.981042480468773,2
2016-02-20,31.795373535156273,2
2016-02-21,30.933557128906273,2
2016-02-22,31.949761962890648,2
2016-02-23,27.130212402343773,2
2016-02-24,27.565148925781273,2
2016-02-25,27.763848876953148,2
2016-02-26,25.961938476562523,2
2016-02-27,27.007867431640648,2
2016-02-28,24.447625732421898,2
2016-02-29,26.290002441406273,2
2016-03-01,28.600183105468773,3
2016-03-02,30.415551757812523,3
2016-03-03,29.508996582031273,3
2016-03-04,29.987908935546898,3
2016-03-05,29.764642333984398,3
2016-03-06,30.066735839843773,3
2016-03-07,30.268609619140648,3
2016-03-08,25.503564453125023,3
2016-03-09,21.665856933593773,3
2016-03-10,23.089898681640648,3
2016-03-11,26.212915039062523,3
2016-03-12,24.251489257812523,3
2016-03-13,26.692987060546898,3
2016-03-14,24.223382568359398,3
2016-03-15,24.262689208984398,3
2016-03-16,24.567742919921898,3
2016-03-17,19.644647216796898,3
2016-03-18,24.874169921875023,3
2016-03-19,27.658807373046898,3
2016-03-20,27.749871826171898,3
2016-03-21,27.038537597656273,3
2016-03-22,23.316369628906273,3
2016-03-23,22.055444335937523,3
2016-03-24,26.386254882812523,3
2016-03-25,26.201593017578148,3
2016-03-26,24.137109375000023,3
2016-03-27,26.033074951171898,3
2016-03-28,27.440026855468773,3
2016-03-29,27.334497070312523,3
2016-03-30,27.678033447265648,3
2016-03-31,27.944757080078148,3
2016-04-01,27.399072265625023,4
2016-04-02,28.628839111328148,4
2016-04-03,27.925439453125023,4
2016-04-04,24.944207763671898,4
2016-04-05,22.516137695312523,4
2016-04-06,18.575646972656273,4
2016-04-07,18.036859130859398,4
2016-04-08,20.017205810546898,4
2016-04-09,21.390771484375023,4
2016-04-10,24.446557617187523,4
2016-04-11,25.295373535156273,4
2016-04-12,26.836907958984398,4
2016-04-13,27.054071044921898,4
2016-04-14,27.731683349609398,4
2016-04-15,26.459039306640648,4
2016-04-16,27.419335937500023,4
2016-04-17,28.461511230468773,4
2016-04-18,27.339624023437523,4
2016-04-19,27.328393554687523,4
2016-04-20,27.971551513671898,4
2016-04-21,18.357965087890648,4
2016-04-22,24.675988769531273,4
2016-04-23,27.022393798828148,4
2016-04-24,25.623864746093773,4
2016-04-25,26.018945312500023,4
2016-04-26,27.110192871093773,4
2016-04-27,23.674279785156273,4
2016-04-28,26.275933837890648,4
2016-04-29,27.397271728515648,4
2016-04-30,24.435113525390648,4
2016-05-01,17.372308349609398,5
2016-05-02,21.656518554687523,5
2016-05-03,23.675531005859398,5
2016-05-04,22.063409423828148,5
2016-05-05,22.338861083984398,5
2016-05-06,22.820001220703148,5
2016-05-07,22.440942382812523,5
2016-05-08,17.489892578125023,5
2016-05-09,18.957025146484398,5
2016-05-10,18.942620849609398,5
2016-05-11,22.772119140625023,5
2016-05-12,23.941888427734398,5
2016-05-13,22.152246093750023,5
2016-05-14,14.400994873046898,5
2016-05-15,15.946038818359398,5
2016-05-16,19.327844238281273,5
2016-05-17,22.239617919921898,5
2016-05-18,20.105279541015648,5
2016-05-19,20.377832031250023,5
2016-05-20,21.226495361328148,5
2016-05-21,18.848657226562523,5
2016-05-22,20.753015136718773,5
2016-05-23,20.258264160156273,5
2016-05-24,20.204248046875023,5
2016-05-25,20.535150146484398,5
2016-05-26,17.241754150390648,5
2016-05-27,19.258355712890648,5
2016-05-28,20.030999755859398,5
2016-05-29,21.028314208984398,5
2016-05-30,20.936425781250023,5
2016-05-31,20.986688232421898,5
2016-06-01,20.609979248046898,6
2016-06-02,20.482568359375023,6
2016-06-03,20.097680664062523,6
2016-06-04,21.476068115234398,6
2016-06-05,19.728997802734398,6
2016-06-06,19.305352783203148,6
2016-06-07,19.340417480468773,6
2016-06-08,20.462518310546898,6
2016-06-09,20.390740966796898,6
2016-06-10,21.734124755859398,6
2016-06-11,20.093194580078148,6
2016-06-12,12.754113769531273,6
2016-06-13,7.579766845703148,6
2016-06-14,11.348962402343773,6
2016-06-15,18.736779785156273,6
2016-06-16,21.452325439453148,6
2016-06-17,20.057244873046898,6
2016-06-18,18.595880126953148,6
2016-06-19,21.222528076171898,6
2016-06-20,22.522515869140648,6
2016-06-21,22.407617187500023,6
2016-06-22,17.937524414062523,6
2016-06-23,17.892266845703148,6
2016-06-24,19.059594726562523,6
2016-06-25,19.574945068359398,6
2016-06-26,19.954980468750023,6
2016-06-27,20.146264648437523,6
2016-06-28,21.061181640625023,6
2016-06-29,19.708673095703148,6
2016-06-30,19.925653076171898,6
2016-07-01,21.132226562500023,7
2016-07-02,17.433770751953148,7
2016-07-03,15.318933105468773,7
2016-07-04,15.500207519531273,7
2016-07-05,15.913659667968773,7
2016-07-06,20.737817382812523,7
2016-07-07,19.232293701171898,7
2016-07-08,17.837945556640648,7
2016-07-09,20.363885498046898,7
2016-07-10,19.011102294921898,7
2016-07-11,18.202233886718773,7
2016-07-12,20.257714843750023,7
2016-07-13,18.396997070312523,7
2016-07-14,17.980493164062523,7
2016-07-15,17.999414062500023,7
2016-07-16,18.443444824218773,7
2016-07-17,17.172418212890648,7
2016-07-18,18.495751953125023,7
2016-07-19,20.131341552734398,7
2016-07-20,21.976800537109398,7
2016-07-21,23.045739746093773,7
2016-07-22,23.461328125000023,7
2016-07-23,21.501123046875023,7
2016-07-24,19.170343017578148,7
2016-07-25,15.246606445312523,7
2016-07-26,13.704278564453148,7
2016-07-27,13.514093017578148,7
2016-07-28,16.829095458984398,7
2016-07-29,18.437738037109398,7
2016-07-30,19.729058837890648,7
2016-07-31,19.494500732421898,7
2016-08-01,15.095635986328148,8
2016-08-02,19.339807128906273,8
2016-08-03,19.722131347656273,8
2016-08-04,17.611932373046898,8
2016-08-05,20.542687988281273,8
2016-08-06,24.682092285156273,8
2016-08-07,24.133325195312523,8
2016-08-08,24.587640380859398,8
2016-08-09,20.290643310546898,8
2016-08-10,23.700250244140648,8
2016-08-11,23.460198974609398,8
2016-08-12,22.941522216796898,8
2016-08-13,22.265008544921898,8
2016-08-14,24.172753906250023,8
2016-08-15,25.125848388671898,8
2016-08-16,20.282250976562523,8
2016-08-17,20.313562011718773,8
2016-08-18,20.531579589843773,8
2016-08-19,21.611596679687523,8
2016-08-20,24.287988281250023,8
2016-08-21,25.538446044921898,8
2016-08-22,20.035058593750023,8
2016-08-23,18.878320312500023,8
2016-08-24,24.511987304687523,8
2016-08-25,25.493310546875023,8
2016-08-26,27.374871826171898,8
2016-08-27,24.363763427734398,8
2016-08-28,26.620996093750023,8
2016-08-29,28.282861328125023,8
2016-08-30,28.631188964843773,8
2016-08-31,26.205010986328148,8
2016-09-01,24.148645019531273,9
2016-09-02,25.326440429687523,9
2016-09-03,26.925805664062523,9
2016-09-04,26.122247314453148,9
2016-09-05,25.891320800781273,9
2016-09-06,27.084893798828148,9
2016-09-07,27.926202392578148,9
2016-09-08,30.118707275390648,9
2016-09-09,29.357781982421898,9
2016-09-10,28.160485839843773,9
2016-09-11,23.803430175781273,9
2016-09-12,24.887719726562523,9
2016-09-13,27.677087402343773,9
2016-09-14,21.008660888671898,9
2016-09-15,26.373132324218773,9
2016-09-16,27.678002929687523,9
2016-09-17,22.053491210937523,9
2016-09-18,11.288446044921898,9
2016-09-19,19.159783935546898,9
2016-09-20,21.945825195312523,9
2016-09-21,26.159906005859398,9
2016-09-22,29.287011718750023,9
2016-09-23,30.194421386718773,9
2016-09-24,27.654443359375023,9
2016-09-25,28.160577392578148,9
2016-09-26,25.718103027343773,9
2016-09-27,26.798242187500023,9
2016-09-28,25.813287353515648,9
2016-09-29,26.506524658203148,9
2016-09-30,26.551202392578148,9
2016-10-01,27.360559082031273,10
2016-10-02,25.049249267578148,10
2016-10-03,20.144281005859398,10
2016-10-04,20.660577392578148,10
2016-10-05,25.525506591796898,10
2016-10-06,31.185601806640648,10
2016-10-07,32.31878051757815,10
2016-10-08,27.578485107421898,10
2016-10-09,24.573022460937523,10
2016-10-10,26.874780273437523,10
2016-10-11,30.669396972656273,10
2016-10-12,31.821954345703148,10
2016-10-13,27.702111816406273,10
2016-10-14,26.164178466796898,10
2016-10-15,29.401239013671898,10
2016-10-16,29.520959472656273,10
2016-10-17,29.124932861328148,10
2016-10-18,23.225244140625023,10
2016-10-19,19.905877685546898,10
2016-10-20,23.424676513671898,10
2016-10-21,23.879235839843773,10
2016-10-22,28.919458007812523,10
2016-10-23,28.187799072265648,10
2016-10-24,29.222863769531273,10
2016-10-25,29.345025634765648,10
2016-10-26,28.180505371093773,10
2016-10-27,30.652825927734398,10
2016-10-28,31.791436767578148,10
2016-10-29,32.4836364746094,10
2016-10-30,33.9064880371094,10
2016-10-31,34.80462036132815,10
2016-11-01,31.229058837890648,11
2016-11-02,29.517205810546898,11
2016-11-03,28.037438964843773,11
2016-11-04,31.374932861328148,11
2016-11-05,27.411370849609398,11
2016-11-06,28.698937988281273,11
2016-11-07,25.566522216796898,11
2016-11-08,27.393579101562523,11
2016-11-09,27.263116455078148,11
2016-11-10,29.654382324218773,11
2016-11-11,20.971124267578148,11
2016-11-12,26.389123535156273,11
2016-11-13,27.785455322265648,11
2016-11-14,28.352288818359398,11
2016-11-15,23.906823730468773,11
2016-11-16,23.928308105468773,11
2016-11-17,28.914941406250023,11
2016-11-18,28.685357666015648,11
2016-11-19,20.432611083984398,11
2016-11-20,26.664788818359398,11
2016-11-21,23.234643554687523,11
2016-11-22,28.731835937500023,11
2016-11-23,26.461053466796898,11
2016-11-24,19.519952392578148,11
2016-11-25,25.072076416015648,11
2016-11-26,25.318963623046898,11
2016-11-27,24.889031982421898,11
2016-11-28,30.733880615234398,11
2016-11-29,32.1050964355469,11
2016-11-30,32.16314086914065,11
2016-12-01,31.416680908203148,12
2016-12-02,29.147058105468773,12
2016-12-03,29.301232910156273,12
2016-12-04,31.966027832031273,12
2016-12-05,27.081384277343773,12
2016-12-06,26.628900146484398,12
2016-12-07,27.876123046875023,12
2016-12-08,28.858361816406273,12
2016-12-09,29.206384277343773,12
2016-12-10,29.710443115234398,12
2016-12-11,26.495477294921898,12
2016-12-12,25.806787109375023,12
2016-12-13,26.341149902343773,12
2016-12-14,23.409722900390648,12
2016-12-15,24.933129882812523,12
2016-12-16,29.363824462890648,12
2016-12-17,28.761987304687523,12
2016-12-18,28.788385009765648,12
2016-12-19,30.211999511718773,12
2016-12-20,30.000299072265648,12
2016-12-21,29.008752441406273,12
2016-12-22,30.769403076171898,12
2016-12-23,31.664453125000023,12
2016-12-24,24.931115722656273,12
2016-12-25,18.451928710937523,12
2016-12-26,18.938348388671898,12
2016-12-27,25.168054199218773,12
2016-12-28,21.988183593750023,12
2016-12-29,24.999871826171898,12
2016-12-30,25.559503173828148,12
2017-01-01,30.655877685546898,1
2017-01-02,30.141107177734398,1
2017-01-03,28.696038818359398,1
2017-01-04,22.339044189453148,1
2017-01-05,25.629785156250023,1
2017-01-06,26.750207519531273,1
2017-01-07,20.389459228515648,1
2017-01-08,19.706384277343773,1
2017-01-09,22.694604492187523,1
2017-01-10,26.089837646484398,1
2017-01-11,24.670465087890648,1
2017-01-12,25.957574462890648,1
2017-01-13,26.674157714843773,1
2017-01-14,25.843041992187523,1
2017-01-15,27.343530273437523,1
2017-01-16,27.319909667968773,1
2017-01-17,24.589685058593773,1
2017-01-18,27.041497802734398,1
2017-01-19,29.875390625000023,1
2017-01-20,30.327630615234398,1
2017-01-21,27.617883300781273,1
2017-01-22,26.748956298828148,1
2017-01-23,27.230645751953148,1
2017-01-24,27.918542480468773,1
2017-01-25,27.674615478515648,1
2017-01-26,21.879052734375023,1
2017-01-27,21.825372314453148,1
2017-01-28,24.844781494140648,1
2017-01-29,27.309533691406273,1
2017-01-30,21.573693847656273,1
2017-01-31,26.122674560546898,1
2017-02-01,27.702325439453148,2
2017-02-02,27.407983398437523,2
2017-02-03,25.664453125000023,2
2017-02-04,24.524407958984398,2
2017-02-05,24.825555419921898,2
2017-02-06,25.979730224609398,2
2017-02-07,24.039208984375023,2
2017-02-08,26.603173828125023,2
2017-02-09,28.539575195312523,2
2017-02-10,25.490014648437523,2
2017-02-11,25.724389648437523,2
2017-02-12,26.653466796875023,2
2017-02-13,27.458489990234398,2
2017-02-14,27.714013671875023,2
2017-02-15,26.858758544921898,2
2017-02-16,26.934472656250023,2
2017-02-17,24.607293701171898,2
2017-02-18,24.719873046875023,2
2017-02-19,27.276208496093773,2
2017-02-20,20.563317871093773,2
2017-02-21,18.015374755859398,2
2017-02-22,20.171105957031273,2
2017-02-23,17.546502685546898,2
2017-02-24,21.056176757812523,2
2017-02-25,23.515374755859398,2
2017-02-26,26.494256591796898,2
2017-02-27,22.524591064453148,2
2017-02-28,22.659478759765648,2
2017-03-01,27.261254882812523,3
2017-03-02,26.074822998046898,3
2017-03-03,22.274957275390648,3
2017-03-04,27.206018066406273,3
2017-03-05,25.679864501953148,3
2017-03-06,26.873406982421898,3
2017-03-07,27.616845703125023,3
2017-03-08,27.772515869140648,3
2017-03-09,26.010125732421898,3
2017-03-10,22.173577880859398,3
2017-03-11,23.884454345703148,3
2017-03-12,27.725183105468773,3
2017-03-13,26.100640869140648,3
2017-03-14,26.983697509765648,3
2017-03-15,26.474755859375023,3
2017-03-16,27.208795166015648,3
2017-03-17,25.713006591796898,3
2017-03-18,28.757592773437523,3
2017-03-19,23.672723388671898,3
2017-03-20,24.961602783203148,3
2017-03-21,27.385614013671898,3
2017-03-22,27.098718261718773,3
2017-03-23,26.616052246093773,3
2017-03-24,25.026239013671898,3
2017-03-25,26.145684814453148,3
2017-03-26,21.952203369140648,3
2017-03-27,23.602441406250023,3
2017-03-28,28.446618652343773,3
2017-03-29,28.784844970703148,3
2017-03-30,26.620294189453148,3
2017-03-31,29.817437744140648,3
2017-04-01,30.555169677734398,4
2017-04-02,27.233392333984398,4
2017-04-03,29.074578857421898,4
2017-04-04,27.735772705078148,4
2017-04-05,28.705316162109398,4
2017-04-06,27.010156250000023,4
2017-04-07,20.789361572265648,4
2017-04-08,24.012841796875023,4
2017-04-09,25.248956298828148,4
2017-04-10,24.842919921875023,4
2017-04-11,23.188256835937523,4
2017-04-12,22.535974121093773,4
2017-04-13,19.089837646484398,4
2017-04-14,21.639794921875023,4
2017-04-15,23.628045654296898,4
2017-04-16,22.079248046875023,4
2017-04-17,23.393487548828148,4
2017-04-18,23.953942871093773,4
2017-04-19,24.275750732421898,4
2017-04-20,23.550531005859398,4
2017-04-21,23.316705322265648,4
2017-04-22,22.971429443359398,4
2017-04-23,19.841088867187523,4
2017-04-24,20.383416748046898,4
2017-04-25,18.177087402343773,4
2017-04-26,19.206475830078148,4
2017-04-27,20.666009521484398,4
2017-04-28,23.052941894531273,4
2017-04-29,21.417321777343773,4
2017-04-30,22.504022216796898,4
2017-05-01,21.876275634765648,5
2017-05-02,21.651696777343773,5
2017-05-03,23.095574951171898,5
2017-05-04,23.241265869140648,5
2017-05-05,23.038201904296898,5
2017-05-06,23.162255859375023,5
2017-05-07,24.401330566406273,5
2017-05-08,21.296105957031273,5
2017-05-09,21.809747314453148,5
2017-05-10,22.662622070312523,5
2017-05-11,22.344934082031273,5
2017-05-12,21.143945312500023,5
2017-05-13,9.747308349609398,5
2017-05-14,14.257073974609398,5
2017-05-15,19.621850585937523,5
2017-05-16,21.127343750000023,5
2017-05-17,20.676263427734398,5
2017-05-18,21.616906738281273,5
2017-05-19,22.040612792968773,5
2017-05-20,23.346948242187523,5
2017-05-21,23.890954589843773,5
2017-05-22,23.141107177734398,5
2017-05-23,23.525842285156273,5
2017-05-24,22.973413085937523,5
2017-05-25,21.672509765625023,5
2017-05-26,23.246209716796898,5
2017-05-27,24.638146972656273,5
2017-05-28,19.398431396484398,5
2017-05-29,17.331079101562523,5
2017-05-30,17.070733642578148,5
2017-05-31,19.065332031250023,5
2017-06-01,22.295831298828148,6
2017-06-02,21.668298339843773,6
2017-06-03,21.413964843750023,6
2017-06-04,21.750177001953148,6
2017-06-05,22.062615966796898,6
2017-06-06,19.647119140625023,6
2017-06-07,19.532678222656273,6
2017-06-08,15.964318847656273,6
2017-06-09,19.183343505859398,6
2017-06-10,16.599877929687523,6
2017-06-11,19.083947753906273,6
2017-06-12,20.995446777343773,6
2017-06-13,24.334771728515648,6
2017-06-14,23.747247314453148,6
2017-06-15,22.900476074218773,6
2017-06-16,20.591210937500023,6
2017-06-17,19.408319091796898,6
2017-06-18,18.878961181640648,6
2017-06-19,17.964013671875023,6
2017-06-20,20.805535888671898,6
2017-06-21,20.100976562500023,6
2017-06-22,22.292993164062523,6
2017-06-23,20.940209960937523,6
2017-06-24,16.595635986328148,6
2017-06-25,19.514215087890648,6
2017-06-26,17.936853027343773,6
2017-06-27,17.232476806640648,6
2017-06-28,19.277551269531273,6
2017-06-29,20.457666015625023,6
2017-06-30,18.367059326171898,6
2017-07-01,19.425683593750023,7
2017-07-02,19.492669677734398,7
2017-07-03,19.850671386718773,7
2017-07-04,18.782830810546898,7
2017-07-05,20.377252197265648,7
2017-07-06,21.551660156250023,7
2017-07-07,17.287713623046898,7
2017-07-08,14.384393310546898,7
2017-07-09,19.454217529296898,7
2017-07-10,23.436669921875023,7
2017-07-11,22.782281494140648,7
2017-07-12,22.594934082031273,7
2017-07-13,22.649530029296898,7
2017-07-14,21.205102539062523,7
2017-07-15,20.877038574218773,7
2017-07-16,21.639398193359398,7
2017-07-17,16.900384521484398,7
2017-07-18,18.054895019531273,7
2017-07-19,20.669122314453148,7
2017-07-20,21.362603759765648,7
2017-07-21,21.464501953125023,7
2017-07-22,21.186090087890648,7
2017-07-23,22.466119384765648,7
2017-07-24,19.644616699218773,7
2017-07-25,19.919610595703148,7
2017-07-26,22.106988525390648,7
2017-07-27,19.524499511718773,7
2017-07-28,20.609887695312523,7
2017-07-29,20.053765869140648,7
2017-07-30,21.512200927734398,7
2017-07-31,18.625787353515648,7
2017-08-01,17.239923095703148,8
2017-08-02,21.010552978515648,8
2017-08-03,22.349267578125023,8
2017-08-04,19.544458007812523,8
2017-08-05,20.820764160156273,8
2017-08-06,22.146905517578148,8
2017-08-07,20.953912353515648,8
2017-08-08,20.855767822265648,8
2017-08-09,20.883294677734398,8
2017-08-10,21.630181884765648,8
2017-08-11,23.387261962890648,8
2017-08-12,24.251367187500023,8
2017-08-13,23.023248291015648,8
2017-08-14,23.065576171875023,8
2017-08-15,23.632135009765648,8
2017-08-16,23.351342773437523,8
2017-08-17,12.876824951171898,8
2017-08-18,15.599084472656273,8
2017-08-19,16.632989501953148,8
2017-08-20,16.382989501953148,8
2017-08-21,20.275445556640648,8
2017-08-22,24.205773925781273,8
2017-08-23,19.566339111328148,8
2017-08-24,22.517602539062523,8
2017-08-25,22.569818115234398,8
2017-08-26,18.782861328125023,8
2017-08-27,20.985375976562523,8
2017-08-28,22.243066406250023,8
2017-08-29,22.004632568359398,8
2017-08-30,25.943048095703148,8
2017-08-31,24.626885986328148,8
2017-09-01,25.024316406250023,9
2017-09-02,22.292260742187523,9
2017-09-03,23.926721191406273,9
2017-09-04,22.167291259765648,9
2017-09-05,21.840112304687523,9
2017-09-06,26.768518066406273,9
2017-09-07,28.320947265625023,9
2017-09-08,29.485070800781273,9
2017-09-09,29.931146240234398,9
2017-09-10,29.402581787109398,9
2017-09-11,31.335534667968773,9
2017-09-12,30.491479492187523,9
2017-09-13,28.633111572265648,9
2017-09-14,30.512750244140648,9
2017-09-15,27.781762695312523,9
2017-09-16,28.797204589843773,9
2017-09-17,24.735253906250023,9
2017-09-18,23.065026855468773,9
2017-09-19,24.312860107421898,9
2017-09-20,27.286950683593773,9
2017-09-21,26.094415283203148,9
2017-09-22,28.727319335937523,9
2017-09-23,30.837701416015648,9
2017-09-24,22.631036376953148,9
2017-09-25,25.369226074218773,9
2017-09-26,25.402551269531273,9
2017-09-27,25.150933837890648,9
2017-09-28,22.333612060546898,9
2017-09-29,19.941552734375023,9
2017-09-30,26.031213378906273,9
2017-10-01,25.076867675781273,10
2017-10-02,24.740960693359398,10
2017-10-03,25.345941162109398,10
2017-10-04,27.190942382812523,10
2017-10-05,19.294732666015648,10
2017-10-06,20.814538574218773,10
2017-10-07,20.556878662109398,10
2017-10-08,24.026544189453148,10
2017-10-09,21.281213378906273,10
2017-10-10,17.876153564453148,10
2017-10-11,22.905725097656273,10
2017-10-12,26.190637207031273,10
2017-10-13,24.477624511718773,10
2017-10-14,23.597314453125023,10
2017-10-15,28.936547851562523,10
2017-10-16,29.849664306640648,10
2017-10-17,23.796868896484398,10
2017-10-18,26.301354980468773,10
2017-10-19,28.823052978515648,10
2017-10-20,29.220239257812523,10
2017-10-21,25.594323730468773,10
2017-10-22,22.113000488281273,10
2017-10-23,26.390069580078148,10
2017-10-24,27.941766357421898,10
2017-10-25,30.801293945312523,10
2017-10-26,27.832910156250023,10
2017-10-27,28.856195068359398,10
2017-10-28,15.072625732421898,10
2017-10-29,18.544915771484398,10
2017-10-30,25.695947265625023,10
2017-10-31,27.792169189453148,10
2017-11-01,28.207635498046898,11
2017-11-02,28.988366699218773,11
2017-11-03,29.765191650390648,11
2017-11-04,31.791040039062523,11
2017-11-05,28.950158691406273,11
2017-11-06,31.862878417968773,11
2017-11-07,33.1027770996094,11
2017-11-08,31.512902832031273,11
2017-11-09,25.913873291015648,11
2017-11-10,27.940118408203148,11
2017-11-11,29.729150390625023,11
2017-11-12,28.190423583984398,11
2017-11-13,28.932092285156273,11
2017-11-14,29.292352294921898,11
2017-11-15,26.707818603515648,11
2017-11-16,18.353265380859398,11
2017-11-17,22.453057861328148,11
2017-11-18,26.138818359375023,11
2017-11-19,28.416040039062523,11
2017-11-20,29.932550048828148,11
2017-11-21,31.216821289062523,11
2017-11-22,30.269311523437523,11
2017-11-23,27.840661621093773,11
2017-11-24,25.955560302734398,11
2017-11-25,16.928369140625023,11
2017-11-26,24.303155517578148,11
2017-11-27,23.325433349609398,11
2017-11-28,24.185693359375023,11
2017-11-29,26.879571533203148,11
2017-11-30,26.964501953125023,11
2017-12-01,26.472161865234398,12
2017-12-02,24.309075927734398,12
2017-12-03,29.963494873046898,12
2017-12-04,28.977136230468773,12
2017-12-05,17.923059082031273,12
2017-12-06,20.591882324218773,12
2017-12-07,19.834039306640648,12
2017-12-08,22.795953369140648,12
2017-12-09,26.433984375000023,12
2017-12-10,27.065209960937523,12
2017-12-11,23.639886474609398,12
2017-12-12,28.731530761718773,12
2017-12-13,26.235925292968773,12
2017-12-14,28.327111816406273,12
2017-12-15,23.794152832031273,12
2017-12-16,26.671411132812523,12
2017-12-17,30.371026611328148,12
2017-12-18,29.803582763671898,12
2017-12-19,26.343713378906273,12
2017-12-20,26.716210937500023,12
2017-12-21,27.497155761718773,12
2017-12-22,26.624871826171898,12
2017-12-23,30.586663818359398,12
2017-12-24,28.946008300781273,12
2017-12-25,32.0900817871094,12
2017-12-26,25.525079345703148,12
2017-12-27,23.050744628906273,12
2017-12-28,30.219964599609398,12
2017-12-29,29.798822021484398,12
2017-12-30,25.600640869140648,12
2018-01-01,32.1701599121094,1
2018-01-02,28.985406494140648,1
2018-01-03,25.819085693359398,1
2018-01-04,27.684808349609398,1
2018-01-05,31.487481689453148,1
2018-01-06,34.22060546875002,1
2018-01-07,34.80263671875002,1
2018-01-08,34.5804382324219,1
2018-01-09,28.978479003906273,1
2018-01-10,23.120050048828148,1
2018-01-11,25.011224365234398,1
2018-01-12,28.828668212890648,1
2018-01-13,31.017236328125023,1
2018-01-14,30.924462890625023,1
2018-01-15,32.71822509765627,1
2018-01-16,27.951013183593773,1
2018-01-17,30.487695312500023,1
2018-01-18,29.534295654296898,1
2018-01-19,30.254815673828148,1
2018-01-20,30.616082763671898,1
2018-01-21,30.455682373046898,1
2018-01-22,28.299645996093773,1
2018-01-23,26.665368652343773,1
2018-01-24,24.563439941406273,1
2018-01-25,28.827233886718773,1
2018-01-26,26.682031250000023,1
2018-01-27,26.184991455078148,1
2018-01-28,27.923120117187523,1
2018-01-29,23.056420898437523,1
2018-01-30,24.551812744140648,1
2018-01-31,26.509240722656273,1
2018-02-01,27.822442626953148,2
2018-02-02,29.967980957031273,2
2018-02-03,28.906060791015648,2
2018-02-04,27.929284667968773,2
2018-02-05,27.499993896484398,2
2018-02-06,29.355645751953148,2
2018-02-07,27.705529785156273,2
2018-02-08,23.033013916015648,2
2018-02-09,25.918359375000023,2
2018-02-10,26.805688476562523,2
2018-02-11,26.047418212890648,2
2018-02-12,27.095666503906273,2
2018-02-13,27.295526123046898,2
2018-02-14,25.717614746093773,2
2018-02-15,20.832086181640648,2
2018-02-16,27.741082763671898,2
2018-02-17,29.059533691406273,2
2018-02-18,26.543695068359398,2
2018-02-19,24.894860839843773,2
2018-02-20,27.611230468750023,2
2018-02-21,24.673089599609398,2
2018-02-22,20.883020019531273,2
2018-02-23,20.080255126953148,2
2018-02-24,24.404046630859398,2
2018-02-25,25.490594482421898,2
2018-02-26,21.614129638671898,2
2018-02-27,22.690698242187523,2
2018-02-28,24.912805175781273,2
2018-03-01,28.691125488281273,3
2018-03-02,27.365197753906273,3
2018-03-03,27.463128662109398,3
2018-03-04,28.558587646484398,3
2018-03-05,28.051385498046898,3
2018-03-06,29.198907470703148,3
2018-03-07,26.669549560546898,3
2018-03-08,21.725793457031273,3
2018-03-09,28.249169921875023,3
2018-03-10,25.623284912109398,3
2018-03-11,25.238641357421898,3
2018-03-12,27.975518798828148,3
2018-03-13,25.894067382812523,3
2018-03-14,28.756738281250023,3
2018-03-15,29.308312988281273,3
2018-03-16,29.994927978515648,3
2018-03-17,19.957177734375023,3
2018-03-18,22.079980468750023,3
2018-03-19,24.964227294921898,3
2018-03-20,25.460198974609398,3
2018-03-21,24.748254394531273,3
2018-03-22,16.372216796875023,3
2018-03-23,17.923944091796898,3
2018-03-24,24.372155761718773,3
2018-03-25,24.527215576171898,3
2018-03-26,26.160455322265648,3
2018-03-27,24.374261474609398,3
2018-03-28,26.344445800781273,3
2018-03-29,25.188104248046898,3
2018-03-30,24.543817138671898,3
2018-03-31,25.542901611328148,3
2018-04-01,22.515405273437523,4
2018-04-02,23.167321777343773,4
2018-04-03,23.761529541015648,4
2018-04-04,23.307550048828148,4
2018-04-05,19.493951416015648,4
2018-04-06,26.081903076171898,4
2018-04-07,26.407800292968773,4
2018-04-08,26.441613769531273,4
2018-04-09,21.846765136718773,4
2018-04-10,23.432946777343773,4
2018-04-11,21.994897460937523,4
2018-04-12,16.661859130859398,4
2018-04-13,19.324060058593773,4
2018-04-14,24.130822753906273,4
2018-04-15,23.442712402343773,4
2018-04-16,20.907037353515648,4
2018-04-17,19.698602294921898,4
2018-04-18,21.092309570312523,4
2018-04-19,23.456048583984398,4
2018-04-20,22.091088867187523,4
2018-04-21,22.315362548828148,4
2018-04-22,24.857446289062523,4
2018-04-23,25.588647460937523,4
2018-04-24,27.230859375000023,4
2018-04-25,26.319024658203148,4
2018-04-26,24.504113769531273,4
2018-04-27,26.106805419921898,4
2018-04-28,23.735162353515648,4
2018-04-29,23.802301025390648,4
2018-04-30,23.587915039062523,4
2018-05-01,21.487542724609398,5
2018-05-02,22.172723388671898,5
2018-05-03,21.827233886718773,5
2018-05-04,23.147576904296898,5
2018-05-05,23.408715820312523,5
2018-05-06,24.340234375000023,5
2018-05-07,23.959436035156273,5
2018-05-08,22.846582031250023,5
2018-05-09,24.703424072265648,5
2018-05-10,24.779779052734398,5
2018-05-11,22.760583496093773,5
2018-05-12,21.517449951171898,5
2018-05-13,21.592706298828148,5
2018-05-14,12.857171630859398,5
2018-05-15,17.424340820312523,5
2018-05-16,15.294152832031273,5
2018-05-17,20.127526855468773,5
2018-05-18,19.016534423828148,5
2018-05-19,17.905450439453148,5
2018-05-20,19.325128173828148,5
2018-05-21,21.226953125000023,5
2018-05-22,24.122583007812523,5
2018-05-23,24.270318603515648,5
2018-05-24,23.887536621093773,5
2018-05-25,24.022424316406273,5
2018-05-26,23.828515625000023,5
2018-05-27,22.742974853515648,5
2018-05-28,22.261163330078148,5
2018-05-29,18.832238769531273,5
2018-05-30,20.359857177734398,5
2018-05-31,15.989801025390648,5
2018-06-01,20.236199951171898,6
2018-06-02,22.021966552734398,6
2018-06-03,22.753381347656273,6
2018-06-04,18.265252685546898,6
2018-06-05,17.544335937500023,6
2018-06-06,19.310388183593773,6
2018-06-07,20.953759765625023,6
2018-06-08,21.261193847656273,6
2018-06-09,21.196801757812523,6
2018-06-10,21.410729980468773,6
2018-06-11,19.448754882812523,6
2018-06-12,17.241265869140648,6
2018-06-13,16.529260253906273,6
2018-06-14,16.688165283203148,6
2018-06-15,22.133325195312523,6
2018-06-16,18.907708740234398,6
2018-06-17,20.027764892578148,6
2018-06-18,23.029077148437523,6
2018-06-19,24.003930664062523,6
2018-06-20,23.828302001953148,6
2018-06-21,20.638726806640648,6
2018-06-22,22.633996582031273,6
2018-06-23,20.131677246093773,6
2018-06-24,21.583398437500023,6
2018-06-25,20.352502441406273,6
2018-06-26,16.961572265625023,6
2018-06-27,18.427758789062523,6
2018-06-28,20.618707275390648,6
2018-06-29,19.174340820312523,6
2018-06-30,22.110162353515648,6
2018-07-01,22.057458496093773,7
2018-07-02,18.267724609375023,7
2018-07-03,15.342614746093773,7
2018-07-04,16.532220458984398,7
2018-07-05,16.256097412109398,7
2018-07-06,14.327050781250023,7
2018-07-07,16.356622314453148,7
2018-07-08,15.754998779296898,7
2018-07-09,16.429772949218773,7
2018-07-10,17.431665039062523,7
2018-07-11,19.900872802734398,7
2018-07-12,19.208062744140648,7
2018-07-13,18.948327636718773,7
2018-07-14,14.526544189453148,7
2018-07-15,15.514337158203148,7
2018-07-16,14.718011474609398,7
2018-07-17,14.638269042968773,7
2018-07-18,15.797723388671898,7
2018-07-19,16.081842041015648,7
2018-07-20,16.271264648437523,7
2018-07-21,17.412225341796898,7
2018-07-22,18.798425292968773,7
2018-07-23,18.704522705078148,7
2018-07-24,19.679315185546898,7
2018-07-25,21.645440673828148,7
2018-07-26,22.261132812500023,7
2018-07-27,20.384637451171898,7
2018-07-28,22.609765625000023,7
2018-07-29,21.310662841796898,7
2018-07-30,23.440057373046898,7
2018-07-31,22.697351074218773,7
2018-08-01,23.485589599609398,8
2018-08-02,25.124780273437523,8
2018-08-03,21.924279785156273,8
2018-08-04,22.067132568359398,8
2018-08-05,23.575646972656273,8
2018-08-06,23.609613037109398,8
2018-08-07,26.110314941406273,8
2018-08-08,23.439172363281273,8
2018-08-09,18.438592529296898,8
2018-08-10,19.469781494140648,8
2018-08-11,18.448236083984398,8
2018-08-12,22.167382812500023,8
2018-08-13,26.103051757812523,8
2018-08-14,25.392633056640648,8
2018-08-15,25.644036865234398,8
2018-08-16,26.900689697265648,8
2018-08-17,26.225732421875023,8
2018-08-18,18.510491943359398,8
2018-08-19,20.789880371093773,8
2018-08-20,25.701745605468773,8
2018-08-21,27.542352294921898,8
2018-08-22,24.907281494140648,8
2018-08-23,24.982263183593773,8
2018-08-24,23.546838378906273,8
2018-08-25,23.012536621093773,8
2018-08-26,26.243981933593773,8
2018-08-27,20.049401855468773,8
2018-08-28,21.077539062500023,8
2018-08-29,21.944482421875023,8
2018-08-30,22.572900390625023,8
2018-08-31,24.438623046875023,8
2018-09-01,26.038415527343773,9
2018-09-02,26.438256835937523,9
2018-09-03,21.234796142578148,9
2018-09-04,27.016137695312523,9
2018-09-05,28.755731201171898,9
2018-09-06,28.946374511718773,9
2018-09-07,23.095727539062523,9
2018-09-08,21.528771972656273,9
2018-09-09,15.920007324218773,9
2018-09-10,20.738885498046898,9
2018-09-11,23.370996093750023,9
2018-09-12,26.707116699218773,9
2018-09-13,27.577325439453148,9
2018-09-14,28.171899414062523,9
2018-09-15,31.170251464843773,9
2018-09-16,30.557122802734398,9
2018-09-17,30.596612548828148,9
2018-09-18,32.39495239257815,9
2018-09-19,32.93410644531252,9
2018-09-20,28.744714355468773,9
2018-09-21,23.728204345703148,9
2018-09-22,28.078729248046898,9
2018-09-23,26.557244873046898,9
2018-09-24,28.774316406250023,9
2018-09-25,28.272851562500023,9
2018-09-26,31.073419189453148,9
2018-09-27,31.152124023437523,9
2018-09-28,30.591577148437523,9
2018-09-29,29.385827636718773,9
2018-09-30,24.112329101562523,9
2018-10-01,27.109948730468773,10
2018-10-02,28.564721679687523,10
2018-10-03,26.583276367187523,10
2018-10-04,19.540429687500023,10
2018-10-05,22.848352050781273,10
2018-10-06,27.558374023437523,10
2018-10-07,28.178552246093773,10
2018-10-08,28.350610351562523,10
2018-10-09,28.642144775390648,10
2018-10-10,29.074822998046898,10
2018-10-11,30.609216308593773,10
2018-10-12,31.304345703125023,10
2018-10-13,20.253442382812523,10
2018-10-14,15.557153320312523,10
2018-10-15,26.524682617187523,10
2018-10-16,27.803948974609398,10
2018-10-17,26.857232666015648,10
2018-10-18,25.661035156250023,10
2018-10-19,28.128594970703148,10
2018-10-20,26.675775146484398,10
2018-10-21,21.999871826171898,10
2018-10-22,21.298608398437523,10
2018-10-23,21.571771240234398,10
2018-10-24,24.891687011718773,10
2018-10-25,28.314080810546898,10
2018-10-26,30.463067626953148,10
2018-10-27,30.962854003906273,10
2018-10-28,31.027246093750023,10
2018-10-29,31.834130859375023,10
2018-10-30,32.48427734375002,10
2018-10-31,27.559014892578148,10
2018-11-01,20.074121093750023,11
2018-11-02,24.079919433593773,11
2018-11-03,20.804162597656273,11
2018-11-04,25.073052978515648,11
2018-11-05,29.769128417968773,11
2018-11-06,24.554895019531273,11
2018-11-07,23.076013183593773,11
2018-11-08,22.093743896484398,11
2018-11-09,27.328179931640648,11
2018-11-10,27.947167968750023,11
2018-11-11,31.824182128906273,11
2018-11-12,31.160607910156273,11
2018-11-13,32.7641540527344,11
2018-11-14,33.46346435546877,11
2018-11-15,33.2757507324219,11
2018-11-16,33.65816650390627,11
2018-11-17,34.55709228515627,11
2018-11-18,33.74886474609377,11
2018-11-19,30.065637207031273,11
2018-11-20,24.395593261718773,11
2018-11-21,30.235131835937523,11
2018-11-22,29.315332031250023,11
2018-11-23,26.083795166015648,11
2018-11-24,28.886346435546898,11
2018-11-25,29.004357910156273,11
2018-11-26,26.578942871093773,11
2018-11-27,30.090783691406273,11
2018-11-28,31.495538330078148,11
2018-11-29,24.359460449218773,11
2018-11-30,26.963281250000023,11
2018-12-01,29.322595214843773,12
2018-12-02,31.698907470703148,12
2018-12-03,31.540612792968773,12
2018-12-04,33.96950683593752,12
2018-12-05,33.51726684570315,12
2018-12-06,31.183160400390648,12
2018-12-07,29.474389648437523,12
2018-12-08,28.368707275390648,12
2018-12-09,25.275415039062523,12
2018-12-10,23.854455566406273,12
2018-12-11,26.482690429687523,12
2018-12-12,30.375970458984398,12
2018-12-13,33.63494262695315,12
2018-12-14,31.420739746093773,12
2018-12-15,30.626641845703148,12
2018-12-16,32.08391723632815,12
2018-12-17,31.056634521484398,12
2018-12-18,30.844415283203148,12
2018-12-19,31.905633544921898,12
2018-12-20,32.02687988281252,12
2018-12-21,27.430871582031273,12
2018-12-22,29.763574218750023,12
2018-12-23,30.935632324218773,12
2018-12-24,32.2542663574219,12
2018-12-25,33.68410644531252,12
2018-12-26,34.62566528320315,12
2018-12-27,34.1297546386719,12
2018-12-28,29.025567626953148,12
2018-12-29,20.388513183593773,12
2018-12-30,23.004327392578148,12
2019-01-01,18.529168701171898,1
2019-01-02,26.027673339843773,1
2019-01-03,23.858605957031273,1
2019-01-04,24.072229003906273,1
2019-01-05,28.474969482421898,1
2019-01-06,27.011743164062523,1
2019-01-07,24.450799560546898,1
2019-01-08,26.670526123046898,1
2019-01-09,28.508264160156273,1
2019-01-10,27.229821777343773,1
2019-01-11,29.751214599609398,1
2019-01-12,30.510583496093773,1
2019-01-13,30.582666015625023,1
2019-01-14,29.806542968750023,1
2019-01-15,31.665582275390648,1
2019-01-16,29.600610351562523,1
2019-01-17,28.625390625000023,1
2019-01-18,30.227868652343773,1
2019-01-19,30.459985351562523,1
2019-01-20,24.840112304687523,1
2019-01-21,28.352502441406273,1
2019-01-22,31.500085449218773,1
2019-01-23,32.13570556640627,1
2019-01-24,31.006707763671898,1
2019-01-25,30.335839843750023,1
2019-01-26,29.051782226562523,1
2019-01-27,23.682183837890648,1
2019-01-28,23.120935058593773,1
2019-01-29,24.501916503906273,1
2019-01-30,27.500207519531273,1
2019-01-31,28.421929931640648,1
2019-02-01,23.299584960937523,2
2019-02-02,22.275903320312523,2
2019-02-03,25.047082519531273,2
2019-02-04,24.736840820312523,2
2019-02-05,25.442010498046898,2
2019-02-06,25.661767578125023,2
2019-02-07,27.999719238281273,2
2019-02-08,27.449487304687523,2
2019-02-09,29.855920410156273,2
2019-02-10,27.602014160156273,2
2019-02-11,26.315270996093773,2
2019-02-12,22.920190429687523,2
2019-02-13,22.954125976562523,2
2019-02-14,20.517572021484398,2
2019-02-15,22.193322753906273,2
2019-02-16,24.993493652343773,2
2019-02-17,26.501641845703148,2
2019-02-18,26.502587890625023,2
2019-02-19,26.605401611328148,2
2019-02-20,28.339318847656273,2
2019-02-21,30.350335693359398,2
2019-02-22,27.591973876953148,2
2019-02-23,27.422601318359398,2
2019-02-24,29.975183105468773,2
2019-02-25,27.894830322265648,2
2019-02-26,29.099938964843773,2
2019-02-27,31.126763916015648,2
2019-02-28,30.933251953125023,2
2019-03-01,30.958032226562523,3
2019-03-02,29.738793945312523,3
2019-03-03,31.654809570312523,3
2019-03-04,29.766015625000023,3
2019-03-05,30.283898925781273,3
2019-03-06,27.529534912109398,3
2019-03-07,28.848229980468773,3
2019-03-08,27.844293212890648,3
2019-03-09,24.825677490234398,3
2019-03-10,27.884088134765648,3
2019-03-11,22.588647460937523,3
2019-03-12,24.363397216796898,3
2019-03-13,28.492150878906273,3
2019-03-14,30.465081787109398,3
2019-03-15,27.607171630859398,3
2019-03-16,28.524072265625023,3
2019-03-17,28.156060791015648,3
2019-03-18,28.891931152343773,3
2019-03-19,28.872949218750023,3
2019-03-20,30.184014892578148,3
2019-03-21,30.791131591796898,3
2019-03-22,27.401727294921898,3
2019-03-23,25.230096435546898,3
2019-03-24,26.651269531250023,3
2019-03-25,29.993371582031273,3
2019-03-26,30.666467285156273,3
2019-03-27,24.690759277343773,3
2019-03-28,29.345178222656273,3
2019-03-29,31.241540527343773,3
2019-03-30,28.472772216796898,3
2019-03-31,28.577508544921898,3
2019-04-01,28.627526855468773,4
2019-04-02,23.008477783203148,4
2019-04-03,24.263452148437523,4
2019-04-04,23.562280273437523,4
2019-04-05,17.411248779296898,4
2019-04-06,22.679467773437523,4
2019-04-07,19.977990722656273,4
2019-04-08,20.529107666015648,4
2019-04-09,23.748681640625023,4
2019-04-10,21.607995605468773,4
2019-04-11,20.813623046875023,4
2019-04-12,20.154504394531273,4
2019-04-13,23.257043457031273,4
2019-04-14,22.823754882812523,4
2019-04-15,22.371148681640648,4
2019-04-16,23.515832519531273,4
2019-04-17,23.977288818359398,4
2019-04-18,24.156121826171898,4
2019-04-19,25.135675048828148,4
2019-04-20,24.338189697265648,4
2019-04-21,23.004724121093773,4
2019-04-22,17.004144287109398,4
2019-04-23,20.035272216796898,4
2019-04-24,19.728479003906273,4
2019-04-25,21.274438476562523,4
2019-04-26,23.992822265625023,4
2019-04-27,24.348046875000023,4
2019-04-28,23.452539062500023,4
2019-04-29,23.143212890625023,4
2019-04-30,22.846429443359398,4
2019-05-01,23.687280273437523,5
2019-05-02,23.779016113281273,5
2019-05-03,25.774102783203148,5
2019-05-04,26.598779296875023,5
2019-05-05,24.947686767578148,5
2019-05-06,24.873468017578148,5
2019-05-07,23.664422607421898,5
2019-05-08,18.791619873046898,5
2019-05-09,22.875054931640648,5
2019-05-10,22.331140136718773,5
2019-05-11,23.922906494140648,5
2019-05-12,24.428491210937523,5
2019-05-13,25.103723144531273,5
2019-05-14,25.522210693359398,5
2019-05-15,24.717919921875023,5
2019-05-16,24.675439453125023,5
2019-05-17,24.326806640625023,5
2019-05-18,24.646722412109398,5
2019-05-19,24.604882812500023,5
2019-05-20,23.456384277343773,5
2019-05-21,25.303399658203148,5
2019-05-22,23.093316650390648,5
2019-05-23,24.975396728515648,5
2019-05-24,21.620385742187523,5
2019-05-25,21.994134521484398,5
2019-05-26,22.228417968750023,5
2019-05-27,21.355279541015648,5
2019-05-28,21.571588134765648,5
2019-05-29,20.812738037109398,5
2019-05-30,21.131311035156273,5
2019-05-31,20.840142822265648,5
2019-06-01,20.082910156250023,6
2019-06-02,21.369439697265648,6
2019-06-03,21.366845703125023,6
2019-06-04,23.060754394531273,6
2019-06-05,24.720513916015648,6
2019-06-06,23.326318359375023,6
2019-06-07,22.209130859375023,6
2019-06-08,22.994897460937523,6
2019-06-09,19.446740722656273,6
2019-06-10,19.091485595703148,6
2019-06-11,21.920526123046898,6
2019-06-12,21.046289062500023,6
2019-06-13,20.394494628906273,6
2019-06-14,17.711999511718773,6
2019-06-15,20.340936279296898,6
2019-06-16,21.464593505859398,6
2019-06-17,20.912011718750023,6
2019-06-18,20.153100585937523,6
2019-06-19,20.451379394531273,6
2019-06-20,22.290979003906273,6
2019-06-21,19.426080322265648,6
2019-06-22,19.733361816406273,6
2019-06-23,18.812066650390648,6
2019-06-24,19.046594238281273,6
2019-06-25,19.654229736328148,6
2019-06-26,17.497552490234398,6
2019-06-27,17.997949218750023,6
2019-06-28,20.744256591796898,6
2019-06-29,23.516351318359398,6
2019-06-30,22.585351562500023,6
2019-07-01,18.194940185546898,7
2019-07-02,16.668908691406273,7
2019-07-03,19.348718261718773,7
2019-07-04,20.122857666015648,7
2019-07-05,21.180780029296898,7
2019-07-06,19.256890869140648,7
2019-07-07,21.179742431640648,7
2019-07-08,19.358728027343773,7
2019-07-09,22.069787597656273,7
2019-07-10,24.113641357421898,7
2019-07-11,25.648645019531273,7
2019-07-12,24.383966064453148,7
2019-07-13,22.087304687500023,7
2019-07-14,21.927941894531273,7
2019-07-15,21.812097167968773,7
2019-07-16,21.272424316406273,7
2019-07-17,20.378808593750023,7
2019-07-18,22.568872070312523,7
2019-07-19,22.364190673828148,7
2019-07-20,18.125695800781273,7
2019-07-21,16.746026611328148,7
2019-07-22,16.719445800781273,7
2019-07-23,19.170770263671898,7
2019-07-24,17.692987060546898,7
2019-07-25,21.853692626953148,7
2019-07-26,23.749658203125023,7
2019-07-27,20.062493896484398,7
2019-07-28,21.233422851562523,7
2019-07-29,24.138146972656273,7
2019-07-30,24.683129882812523,7
2019-07-31,25.435754394531273,7
2019-08-01,23.088586425781273,8
2019-08-02,20.116082763671898,8
2019-08-03,22.467462158203148,8
2019-08-04,25.234979248046898,8
2019-08-05,24.739343261718773,8
2019-08-06,26.595025634765648,8
2019-08-07,25.968652343750023,8
2019-08-08,25.720605468750023,8
2019-08-09,24.208551025390648,8
2019-08-10,18.666589355468773,8
2019-08-11,21.842553710937523,8
2019-08-12,25.091333007812523,8
2019-08-13,26.188012695312523,8
2019-08-14,25.443109130859398,8
2019-08-15,23.749963378906273,8
2019-08-16,25.941827392578148,8
2019-08-17,27.277612304687523,8
2019-08-18,21.931817626953148,8
2019-08-19,24.990258789062523,8
2019-08-20,24.256127929687523,8
2019-08-21,20.742120361328148,8
2019-08-22,23.245446777343773,8
2019-08-23,24.954034423828148,8
2019-08-24,25.162103271484398,8
2019-08-25,24.621911621093773,8
2019-08-26,26.426477050781273,8
2019-08-27,26.752313232421898,8
2019-08-28,26.935510253906273,8
2019-08-29,25.550622558593773,8
2019-08-30,26.125726318359398,8
2019-08-31,22.182397460937523,8
2019-09-01,22.206018066406273,9
2019-09-02,24.762658691406273,9
2019-09-03,25.147576904296898,9
2019-09-04,26.213861083984398,9
2019-09-05,25.548944091796898,9
2019-09-06,17.508233642578148,9
2019-09-07,19.176904296875023,9
2019-09-08,21.612878417968773,9
2019-09-09,25.812249755859398,9
2019-09-10,27.267999267578148,9
2019-09-11,27.937158203125023,9
2019-09-12,28.151269531250023,9
2019-09-13,28.927484130859398,9
2019-09-14,28.631555175781273,9
2019-09-15,26.709008789062523,9
2019-09-16,30.321893310546898,9
2019-09-17,30.509912109375023,9
2019-09-18,30.474420166015648,9
2019-09-19,30.668939208984398,9
2019-09-20,29.601953125000023,9
2019-09-21,29.584130859375023,9
2019-09-22,29.372125244140648,9
2019-09-23,28.477532958984398,9
2019-09-24,20.404992675781273,9
2019-09-25,20.252832031250023,9
2019-09-26,20.649011230468773,9
2019-09-27,25.827691650390648,9
2019-09-28,29.316705322265648,9
2019-09-29,28.358636474609398,9
2019-09-30,25.478021240234398,9
2019-10-01,20.939935302734398,10
2019-10-02,21.220361328125023,10
2019-10-03,23.710473632812523,10
2019-10-04,28.163781738281273,10
2019-10-05,30.860589599609398,10
2019-10-06,30.952661132812523,10
2019-10-07,30.140130615234398,10
2019-10-08,31.399591064453148,10
2019-10-09,30.630334472656273,10
2019-10-10,29.060052490234398,10
2019-10-11,23.322503662109398,10
2019-10-12,28.072747802734398,10
2019-10-13,31.153924560546898,10
2019-10-14,29.212304687500023,10
2019-10-15,32.23552856445315,10
2019-10-16,30.422662353515648,10
2019-10-17,31.216241455078148,10
2019-10-18,32.76107177734377,10
2019-10-19,32.30428466796877,10
2019-10-20,32.98943481445315,10
2019-10-21,34.0458923339844,10
2019-10-22,30.316094970703148,10
2019-10-23,28.805383300781273,10
2019-10-24,33.38137207031252,10
2019-10-25,29.677056884765648,10
2019-10-26,32.34499511718752,10
2019-10-27,32.80410156250002,10
2019-10-28,34.23964843750002,10
2019-10-29,25.928826904296898,10
2019-10-30,27.403070068359398,10
2019-10-31,27.134027099609398,10
2019-11-01,26.390100097656273,11
2019-11-02,25.261804199218773,11
2019-11-03,30.482843017578148,11
2019-11-04,31.755029296875023,11
2019-11-05,29.533776855468773,11
2019-11-06,30.862878417968773,11
2019-11-07,32.08815917968752,11
2019-11-08,30.354608154296898,11
2019-11-09,26.960198974609398,11
2019-11-10,25.514184570312523,11
2019-11-11,27.743493652343773,11
2019-11-12,27.288842773437523,11
2019-11-13,25.857690429687523,11
2019-11-14,28.395654296875023,11
2019-11-15,26.911035156250023,11
2019-11-16,29.005670166015648,11
2019-11-17,30.456964111328148,11
2019-11-18,29.492944335937523,11
2019-11-19,28.247674560546898,11
2019-11-20,26.153741455078148,11
2019-11-21,25.140557861328148,11
2019-11-22,26.875146484375023,11
2019-11-23,28.092858886718773,11
2019-11-24,28.824304199218773,11
2019-11-25,30.107995605468773,11
2019-11-26,29.354028320312523,11
2019-11-27,29.117425537109398,11
2019-11-28,30.296472167968773,11
2019-11-29,30.452081298828148,11
2019-11-30,30.819543457031273,11
2019-12-01,31.235894775390648,12
2019-12-02,31.266442871093773,12
2019-12-03,31.588433837890648,12
2019-12-04,15.958337402343773,12
2019-12-05,13.095391845703148,12
2019-12-06,15.370507812500023,12
2019-12-07,17.471185302734398,12
2019-12-08,19.085839843750023,12
2019-12-09,18.249963378906273,12
2019-12-10,17.290399169921898,12
2019-12-11,24.595391845703148,12
2019-12-12,26.033013916015648,12
2019-12-13,23.652429199218773,12
2019-12-14,27.401849365234398,12
2019-12-15,30.313439941406273,12
2019-12-16,28.317926025390648,12
2019-12-17,25.468286132812523,12
2019-12-18,27.165612792968773,12
2019-12-19,29.602105712890648,12
2019-12-20,31.694696044921898,12
2019-12-21,29.938256835937523,12
2019-12-22,27.145410156250023,12
2019-12-23,24.270776367187523,12
2019-12-24,27.977899169921898,12
2019-12-25,30.538201904296898,12
2019-12-26,30.187005615234398,12
2019-12-27,30.572259521484398,12
2019-12-28,22.724542236328148,12
2019-12-29,22.514672851562523,12
2019-12-30,27.659936523437523,12
2020-01-01,27.478143310546898,1
2020-01-02,29.573846435546898,1
2020-01-03,30.148767089843773,1
2020-01-04,28.325891113281273,1
2020-01-05,27.057122802734398,1
2020-01-06,30.389764404296898,1
2020-01-07,27.123193359375023,1
2020-01-08,24.873406982421898,1
2020-01-09,25.762933349609398,1
2020-01-10,23.172296142578148,1
2020-01-11,23.031518554687523,1
2020-01-12,27.166925048828148,1
2020-01-13,25.371270751953148,1
2020-01-14,26.382043457031273,1
2020-01-15,27.671624755859398,1
2020-01-16,27.924523925781273,1
2020-01-17,28.460076904296898,1
2020-01-18,20.550988769531273,1
2020-01-19,25.500085449218773,1
2020-01-20,24.830499267578148,1
2020-01-21,24.969262695312523,1
2020-01-22,28.942437744140648,1
2020-01-23,28.977716064453148,1
2020-01-24,22.733514404296898,1
2020-01-25,23.778558349609398,1
2020-01-26,27.719934082031273,1
2020-01-27,29.367822265625023,1
2020-01-28,25.110131835937523,1
2020-01-29,28.153619384765648,1
2020-01-30,28.589318847656273,1
2020-01-31,28.727014160156273,1
2020-02-01,31.536828613281273,2
2020-02-02,30.223809814453148,2
2020-02-03,29.438226318359398,2
2020-02-04,29.064355468750023,2
2020-02-05,29.627587890625023,2
2020-02-06,28.818811035156273,2
2020-02-07,28.371728515625023,2
2020-02-08,19.632836914062523,2
2020-02-09,26.950067138671898,2
2020-02-10,27.206384277343773,2
2020-02-11,24.184411621093773,2
2020-02-12,24.135217285156273,2
2020-02-13,26.473748779296898,2
2020-02-14,30.048730468750023,2
2020-02-15,29.948052978515648,2
2020-02-16,28.688317871093773,2
2020-02-17,30.112969970703148,2
2020-02-18,27.942681884765648,2
2020-02-19,27.277917480468773,2
2020-02-20,27.072473144531273,2
2020-02-21,28.926416015625023,2
2020-02-22,25.156945800781273,2
2020-02-23,24.394860839843773,2
2020-02-24,25.474572753906273,2
2020-02-25,25.318688964843773,2
2020-02-26,27.999322509765648,2
2020-02-27,28.996942138671898,2
2020-02-28,27.496911621093773,2
2020-02-29,19.854333496093773,2
2020-03-01,19.344628906250023,3
2020-03-02,17.006890869140648,3
2020-03-03,22.038812255859398,3
2020-03-04,25.777307128906273,3
2020-03-05,27.822198486328148,3
2020-03-06,25.685540771484398,3
2020-03-07,25.376000976562523,3
2020-03-08,26.422509765625023,3
2020-03-09,27.662011718750023,3
2020-03-10,27.351617431640648,3
2020-03-11,26.631188964843773,3
2020-03-12,24.490930175781273,3
2020-03-13,20.631799316406273,3
2020-03-14,25.951593017578148,3
2020-03-15,28.409539794921898,3
2020-03-16,26.295281982421898,3
2020-03-17,18.740533447265648,3
2020-03-18,23.358819580078148,3
2020-03-19,27.189447021484398,3
2020-03-20,26.815332031250023,3
2020-03-21,26.891046142578148,3
2020-03-22,20.730981445312523,3
2020-03-23,24.180261230468773,3
2020-03-24,26.658044433593773,3
2020-03-25,27.815728759765648,3
2020-03-26,28.643670654296898,3
2020-03-27,24.957543945312523,3
2020-03-28,20.217675781250023,3
2020-03-29,24.003411865234398,3
2020-03-30,24.338769531250023,3
2020-03-31,22.891778564453148,3
2020-04-01,25.259973144531273,4
2020-04-02,17.344812011718773,4
2020-04-03,18.474267578125023,4
2020-04-04,17.646020507812523,4
2020-04-05,23.348626708984398,4
2020-04-06,25.669885253906273,4
2020-04-07,25.464471435546898,4
2020-04-08,21.746850585937523,4
2020-04-09,19.779290771484398,4
2020-04-10,19.408654785156273,4
2020-04-11,23.891748046875023,4
2020-04-12,26.769708251953148,4
2020-04-13,26.614862060546898,4
2020-04-14,21.977380371093773,4
2020-04-15,21.059106445312523,4
2020-04-16,21.685876464843773,4
2020-04-17,23.293115234375023,4
2020-04-18,21.698419189453148,4
2020-04-19,22.027886962890648,4
2020-04-20,24.589624023437523,4
2020-04-21,25.760491943359398,4
2020-04-22,23.802941894531273,4
2020-04-23,22.775262451171898,4
2020-04-24,22.208886718750023,4
2020-04-25,22.991235351562523,4
2020-04-26,21.402764892578148,4
2020-04-27,16.920465087890648,4
2020-04-28,15.096185302734398,4
2020-04-29,17.528558349609398,4
2020-04-30,21.381799316406273,4
2020-05-01,23.652673339843773,5
2020-05-02,22.919641113281273,5
2020-05-03,24.062097167968773,5
2020-05-04,24.174951171875023,5
2020-05-05,23.165917968750023,5
2020-05-06,23.359887695312523,5
2020-05-07,21.259515380859398,5
2020-05-08,23.039636230468773,5
2020-05-09,22.964257812500023,5
2020-05-10,22.149224853515648,5
2020-05-11,22.876519775390648,5
2020-05-12,23.334497070312523,5
2020-05-13,22.590722656250023,5
2020-05-14,21.460717773437523,5
2020-05-15,20.258325195312523,5
2020-05-16,22.270898437500023,5
2020-05-17,20.269250488281273,5
2020-05-18,23.620904541015648,5
2020-05-19,22.699914550781273,5
2020-05-20,22.482904052734398,5
2020-05-21,20.049096679687523,5
2020-05-22,21.854943847656273,5
2020-05-23,21.965142822265648,5
2020-05-24,20.869195556640648,5
2020-05-25,19.574182128906273,5
2020-05-26,17.979791259765648,5
2020-05-27,14.034051513671898,5
2020-05-28,17.841394042968773,5
2020-05-29,21.092767333984398,5
2020-05-30,22.837854003906273,5
2020-05-31,23.823144531250023,5
2020-06-01,24.999230957031273,6
2020-06-02,24.446038818359398,6
2020-06-03,23.457879638671898,6
2020-06-04,22.329766845703148,6
2020-06-05,20.274377441406273,6
2020-06-06,20.240289306640648,6
2020-06-07,20.680932617187523,6
2020-06-08,20.639398193359398,6
2020-06-09,19.648370361328148,6
2020-06-10,19.661248779296898,6
2020-06-11,17.468286132812523,6
2020-06-12,11.094079589843773,6
2020-06-13,14.455804443359398,6
2020-06-14,14.715142822265648,6
2020-06-15,16.491876220703148,6
2020-06-16,9.310021972656273,6
2020-06-17,12.546044921875023,6
2020-06-18,13.867761230468773,6
2020-06-19,15.878686523437523,6
2020-06-20,17.865106201171898,6
2020-06-21,18.569726562500023,6
2020-06-22,18.386987304687523,6
2020-06-23,18.471002197265648,6
2020-06-24,19.884545898437523,6
2020-06-25,17.511254882812523,6
2020-06-26,15.893945312500023,6
2020-06-27,19.111352539062523,6
2020-06-28,18.394616699218773,6
2020-06-29,18.897180175781273,6
2020-06-30,20.158013916015648,6
2020-07-01,18.125970458984398,7
2020-07-02,20.447778320312523,7
2020-07-03,21.991662597656273,7
2020-07-04,20.181542968750023,7
2020-07-05,22.488671875000023,7
2020-07-06,23.884820556640648,7
2020-07-07,23.797875976562523,7
2020-07-08,17.910302734375023,7
2020-07-09,17.876367187500023,7
